{
  "title": "Property Inspector",
  "description": "Property Inspector Settings.",
  "jupyter.lab.menus": {
    "main": [
      {
        "id": "jp-mainmenu-view",
        "items": [
          {
            "command": "property-inspector:show-panel",
            "rank": 2
          }
        ]
      }
    ]
  },
  "jupyter.lab.shortcuts": [
    {
      "command": "property-inspector:show-panel",
      "keys": ["Accel Shift U"],
      "selector": "body"
    }
  ],
  "properties": {},
  "additionalProperties": false,
  "type": "object"
}
